order_id,date,customer_id,city,category,amount
1001,2026-04-18,103,Wuhan,Sports,57.33
1002,2026-04-06,113,Hangzhou,,38.04
1003,2026-04-12,35,Shenzhen,Sports,90.34
1004,2026-03-24,49,Nanjing,Food,31.64
1005,2026-02-07,30,Guangzhou,Books,73.13
1006,2026-02-12,119,Chengdu,Electronics,28.08
1007,2026-03-24,27,Beijing,Food,63.85
1008,2026-01-08,7,Beijing,Books,113.95
1009,2026-01-19,79,Hangzhou,Food,19.79
1010,2026-04-23,72,Chengdu,Books,37.65
1011,2026-04-04,113,Chengdu,Sports,64.4
1012,2026-03-04,78,Guangzhou,Electronics,99999.0
1013,2026-03-23,50,Beijing,Clothing,87.06
1014,2026-02-02,109,Shanghai,Food,43.21
1015,2026-04-09,39,Guangzhou,Books,90.85
1016,2026-04-18,5,Beijing,Clothing,25.75
1017,2026-03-17,66,Chengdu,Clothing,32.63
1018,2026-02-27,61,Beijing,Food,54.54
1019,2026-04-25,87,Nanjing,Books,98.5
1020,2026-01-10,36,Wuhan,Books,43.03
1021,2026-02-11,45,Shanghai,Books,123.52
1022,2026-03-08,48,Shenzhen,Food,42.81
1023,2026-01-05,34,Shenzhen,Books,19.14
1024,2026-03-31,38,Guangzhou,Clothing,25.94
1025,2026-03-09,56,Wuhan,Electronics,59.69
1026,2026-01-01,41,Nanjing,Sports,24.99
1027,2026-01-23,50,Shenzhen,Sports,314.11
1028,2026-02-18,8,Beijing,Electronics,33.62
1029,2026-02-11,34,Guangzhou,Food,104.31
1030,2026-02-04,4,Nanjing,Clothing,47.9
1031,2026-01-06,14,Nanjing,Sports,44.58
1032,2026-04-19,90,Chengdu,Sports,57.01
1033,2026-02-09,63,Wuhan,Electronics,75.15
1034,2026-03-11,119,Guangzhou,Books,96.72
1035,2026-03-13,104,Nanjing,Food,14.37
1036,2026-04-11,24,Guangzhou,Food,119.35
1037,2026-03-18,113,Wuhan,Sports,54.89
1038,2026-02-09,51,Shenzhen,Electronics,104.41
1039,2026-01-06,98,Guangzhou,Sports,64.64
1040,2026-04-10,73,Hangzhou,Food,98.8
1041,2026-02-09,33,Wuhan,Electronics,25.01
1042,2026-01-25,89,Hangzhou,Food,10.96
1043,2026-03-20,6,Nanjing,Books,22.21
1044,2026-04-19,47,Chengdu,Food,32.0
1045,2026-03-14,60,Guangzhou,Food,26.84
1046,2026-02-26,63,Chengdu,Electronics,63.04
1047,2026-02-06,60,Beijing,Books,46.84
1048,2026-04-30,25,Shanghai,Clothing,11.3
1049,2026-01-22,104,Beijing,Clothing,180.46
1050,2026-03-29,103,Nanjing,Electronics,57.23
1051,2026-04-10,47,Beijing,Food,27.75
1052,2026-01-14,112,Beijing,Food,70.04
1053,2026-02-13,80,Hangzhou,Sports,57.65
1054,2026-04-11,37,Chengdu,Books,13.32
1055,2026-02-17,32,Shenzhen,Clothing,105.38
1056,2026-04-22,100,Guangzhou,Electronics,157.77
1057,2026-01-09,26,Chengdu,Clothing,65.05
1058,2026-04-02,17,Nanjing,Sports,110.11
1059,2026-02-24,119,Chengdu,Electronics,54.84
1060,2026-04-02,71,Shanghai,,22.52
1061,2026-03-07,76,Hangzhou,Electronics,29.95
1062,2026-04-09,83,Shenzhen,Food,86.51
1063,2026-03-14,12,Beijing,Sports,73.94
1064,2026-01-01,105,Shenzhen,Books,75.68
1065,2026-01-05,55,Guangzhou,Clothing,53.27
1066,2026-03-04,115,Shenzhen,Electronics,44.92
1067,2026-04-17,103,Nanjing,Electronics,15.8
1068,2026-02-13,84,Nanjing,Clothing,35.15
1069,2026-03-25,30,Guangzhou,Electronics,69.51
1070,2026-02-04,59,Guangzhou,Books,8.74
1071,2026-01-30,1,Nanjing,Clothing,37.88
1072,2026-01-04,76,Chengdu,Electronics,60.34
1073,2026-02-21,15,Beijing,Clothing,69.56
1074,2026-03-31,56,Beijing,Food,101.99
1075,2026-02-10,10,Shanghai,Electronics,62.67
1076,2026-04-19,78,Shenzhen,Food,48.82
1077,2026-03-25,92,Shenzhen,Clothing,86.12
1078,2026-03-04,26,Nanjing,Food,153.77
1079,2026-02-05,95,Shanghai,Electronics,46.77
1080,2026-01-22,30,Chengdu,Electronics,131.68
1081,2026-03-11,116,Nanjing,Food,123.74
1082,2026-01-09,102,Wuhan,,39.69
1083,2026-01-16,17,Nanjing,Food,73.12
1084,2026-04-13,109,Beijing,Food,88.75
1085,2026-03-20,101,Chengdu,Electronics,36.09
1086,2026-01-23,1,Wuhan,Books,49.38
1087,2026-03-01,44,Chengdu,Clothing,35.95
1088,2026-04-14,117,Wuhan,Sports,35.48
1089,2026-01-09,22,Hangzhou,Electronics,51.17
1090,2026-01-26,8,Guangzhou,Clothing,55.04
1091,2026-04-04,93,Beijing,Electronics,78.96
1092,2026-02-07,22,Beijing,Books,42.4
1093,2026-04-16,65,Shenzhen,Food,50.32
1094,2026-01-31,101,Shenzhen,Clothing,54.03
1095,2026-03-16,14,Beijing,Electronics,68.43
1096,2026-01-15,34,Chengdu,Food,35.5
1097,2026-01-20,47,Beijing,Electronics,27.52
1098,2026-02-26,38,Beijing,Sports,98.49
1099,2026-02-11,74,Shenzhen,Books,57.37
1100,2026-03-20,38,Chengdu,Electronics,6.89
1101,2026-03-27,68,Shanghai,Sports,155.33
1102,2026-04-14,43,Chengdu,Electronics,25.91
1103,2026-01-26,87,Beijing,Books,21.27
1104,2026-03-02,77,Nanjing,Sports,173.33
1105,2026-03-09,33,Shenzhen,Clothing,179.2
1106,2026-04-04,75,Nanjing,Books,387.42
1107,2026-03-05,83,Beijing,Electronics,29.91
1108,2026-01-31,18,Beijing,Clothing,16.79
1109,2026-03-22,93,Chengdu,Sports,95.73
1110,2026-02-10,27,Chengdu,Clothing,79.62
1111,2026-04-29,69,Chengdu,Electronics,42.03
1112,2026-01-25,21,Chengdu,Books,28.23
1113,2026-02-22,17,Shanghai,Sports,34.05
1114,2026-03-20,104,Hangzhou,Sports,61.59
1115,2026-01-19,25,Shanghai,Clothing,73.35
1116,2026-02-21,84,Shenzhen,Books,61.05
1117,2026-04-02,54,Shanghai,Electronics,156.18
1118,2026-03-02,33,Beijing,Books,62.51
1119,2026-01-24,6,Chengdu,Sports,16.32
1120,2026-01-12,89,Nanjing,Food,46.2
1121,2026-01-19,3,Beijing,Sports,127.15
1122,2026-03-02,106,Nanjing,Food,40.11
1123,2026-01-21,76,Guangzhou,Food,426.43
1124,2026-02-15,113,Shanghai,,32.41
1125,2026-02-22,50,Chengdu,Books,69.06
1126,2026-02-08,13,Shanghai,Food,103.4
1127,2026-04-20,83,Beijing,Electronics,52.59
1128,2026-01-08,22,Wuhan,Clothing,149.14
1129,2026-04-18,110,Chengdu,Food,44.9
1130,2026-04-27,62,Hangzhou,Books,26.4
1131,2026-01-13,11,Shenzhen,Electronics,55.89
1132,2026-03-31,80,Shenzhen,Clothing,47.59
1133,2026-02-25,78,Hangzhou,Food,52.16
1134,2026-04-04,8,Chengdu,Food,120.5
1135,2026-03-12,61,Shanghai,Electronics,55.69
1136,2026-02-25,116,Wuhan,Books,53.14
1137,2026-03-21,70,Nanjing,Electronics,169.74
1138,2026-01-22,11,Shenzhen,Books,13.27
1139,2026-03-04,30,Nanjing,Electronics,81.53
1140,2026-01-26,11,Chengdu,Clothing,39.89
1141,2026-03-17,71,Chengdu,Books,19.48
1142,2026-01-01,85,Nanjing,Clothing,69.37
1143,2026-02-28,106,Wuhan,,141.43
1144,2026-02-28,68,Nanjing,Electronics,43.93
1145,2026-04-15,35,Shanghai,Food,38.99
1146,2026-04-19,90,Wuhan,Electronics,37.29
1147,2026-03-04,110,Beijing,Books,53.34
1148,2026-02-21,4,Beijing,Books,20.33
1149,2026-02-05,86,Guangzhou,Food,31.32
1150,2026-03-27,106,Guangzhou,Books,43.97
1151,2026-03-05,62,Shenzhen,Electronics,30.69
1152,2026-04-25,60,Guangzhou,Books,38.58
1153,2026-01-03,110,Chengdu,Food,120.19
1154,2026-03-26,29,Guangzhou,Clothing,258.74
1155,2026-01-23,69,Hangzhou,Electronics,68.92
1156,2026-02-28,53,Nanjing,Clothing,64.41
1157,2026-01-22,62,Nanjing,Food,14.6
1158,2026-04-26,13,Shenzhen,Food,10.44
1159,2026-04-30,15,Wuhan,Clothing,49.42
1160,2026-04-23,99,Chengdu,Sports,117.07
1161,2026-04-10,109,Shanghai,Food,192.33
1162,2026-04-05,41,Chengdu,Books,121.17
1163,2026-01-24,52,Nanjing,Electronics,39.12
1164,2026-03-27,83,Wuhan,Clothing,16.62
1165,2026-03-20,87,Beijing,Sports,54.29
1166,2026-02-22,117,Beijing,Electronics,45.11
1167,2026-02-07,10,Shanghai,Books,23.4
1168,2026-04-27,106,Shanghai,Food,60.86
1169,2026-01-14,38,Nanjing,Food,84.4
1170,2026-01-07,42,Nanjing,Sports,84.58
1171,2026-04-22,7,Guangzhou,Sports,46.8
1172,2026-02-10,50,Hangzhou,Books,112.76
1173,2026-02-15,62,Chengdu,Electronics,99999.0
1174,2026-02-24,36,Hangzhou,Food,49.57
1175,2026-04-26,68,Wuhan,Electronics,106.05
1176,2026-03-17,99,Wuhan,,37.1
1177,2026-04-18,39,Shenzhen,Clothing,92.4
1178,2026-04-27,54,Shenzhen,Clothing,42.8
1179,2026-02-18,61,Shanghai,Clothing,43.73
1180,2026-02-11,69,Guangzhou,Food,35.92
1181,2026-02-15,63,Shanghai,Electronics,56.68
1182,2026-04-06,73,Chengdu,Books,47.99
1183,2026-03-26,5,Shenzhen,Clothing,13.67
1184,2026-04-20,68,Shenzhen,Food,68.73
1185,2026-02-13,47,Wuhan,Electronics,35.98
1186,2026-04-24,28,Beijing,Food,63.07
1187,2026-04-12,15,Nanjing,,66.55
1188,2026-03-10,66,Nanjing,Sports,16.57
1189,2026-02-16,92,Hangzhou,Books,65.04
1190,2026-02-19,67,Beijing,Clothing,22.32
1191,2026-01-21,80,Shanghai,Books,117.25
1192,2026-04-13,89,Shenzhen,Books,23.35
1193,2026-03-21,114,Shenzhen,Clothing,116.91
1194,2026-01-22,24,Shenzhen,Clothing,33.7
1195,2026-04-05,38,Shenzhen,Sports,13.73
1196,2026-02-02,97,Nanjing,Clothing,30.05
1197,2026-01-14,105,Wuhan,Clothing,61.91
1198,2026-04-07,10,Beijing,Sports,95.47
1199,2026-02-08,4,Wuhan,Books,30.67
1200,2026-01-10,28,Wuhan,Sports,15.87
1201,2026-04-30,42,Wuhan,Food,98.33
1202,2026-03-08,94,Chengdu,Sports,26.21
1203,2026-03-27,61,Hangzhou,Sports,70.26
1204,2026-04-22,36,Hangzhou,Books,77.27
1205,2026-03-02,53,Guangzhou,Clothing,51.56
1206,2026-01-20,92,Shanghai,Clothing,23.65
1207,2026-04-21,47,Shenzhen,Sports,33.43
1208,2026-02-27,38,Guangzhou,Sports,22.59
1209,2026-01-05,2,Chengdu,Books,67.74
1210,2026-02-02,94,Shenzhen,Electronics,23.42
1211,2026-02-27,79,Chengdu,Food,104.18
1212,2026-01-19,65,Guangzhou,Books,11.2
1213,2026-02-26,119,Guangzhou,Food,49.33
1214,2026-04-28,95,Shanghai,Books,108.92
1215,2026-03-21,84,Guangzhou,Clothing,33.13
1216,2026-04-28,18,Chengdu,Sports,19.63
1217,2026-01-28,5,Shanghai,Books,22.48
1218,2026-04-06,79,Guangzhou,Books,98.37
1219,2026-03-27,77,Hangzhou,Sports,15.59
1220,2026-02-22,10,Nanjing,Books,57.35
1221,2026-01-23,97,Shenzhen,Sports,61.76
1222,2026-04-03,94,Wuhan,Clothing,13.26
1223,2026-02-04,111,Nanjing,Sports,90.22
1224,2026-01-18,108,Shenzhen,Books,27.53
1225,2026-04-24,119,Nanjing,Books,36.35
1226,2026-01-24,46,Shanghai,Food,152.62
1227,2026-02-12,61,Chengdu,Books,53.51
1228,2026-01-01,80,Chengdu,Clothing,47.78
1229,2026-03-04,49,Shanghai,Clothing,127.81
1230,2026-02-06,93,Guangzhou,Food,64.29
1231,2026-03-21,29,Shanghai,Books,35.6
1232,2026-02-20,51,Shenzhen,Sports,29.7
1233,2026-04-19,79,Hangzhou,Books,96.08
1234,2026-03-16,67,Beijing,Books,16.56
1235,2026-01-15,52,Beijing,Books,90.61
1236,2026-04-04,70,Guangzhou,Electronics,74.42
1237,2026-02-21,91,Chengdu,Food,17.72
1238,2026-01-30,98,Chengdu,Clothing,34.51
1239,2026-03-10,68,Beijing,Clothing,73.15
1240,2026-02-07,68,Chengdu,Sports,166.29
1241,2026-01-17,89,Nanjing,Clothing,127.43
1242,2026-01-19,53,Beijing,Books,8.06
1243,2026-03-28,23,Hangzhou,Electronics,465.37
1244,2026-03-03,72,Wuhan,Books,40.08
1245,2026-02-26,55,Nanjing,Sports,67.6
1246,2026-03-20,40,Wuhan,Food,81.25
1247,2026-02-05,23,Hangzhou,Sports,61.45
1248,2026-01-27,11,Shanghai,Food,86.66
1249,2026-04-24,107,Wuhan,Electronics,69.54
1250,2026-03-30,74,Wuhan,Sports,48.65
1251,2026-04-02,52,Shanghai,Clothing,63.91
1252,2026-02-25,47,Chengdu,Electronics,68.28
1253,2026-03-12,79,Hangzhou,Books,27.56
1254,2026-02-04,15,Shenzhen,Books,38.26
1255,2026-02-18,103,Shanghai,Electronics,36.63
1256,2026-01-22,3,Nanjing,Electronics,61.77
1257,2026-02-15,51,Beijing,Books,47.83
1258,2026-03-06,4,Beijing,Food,108.87
1259,2026-03-17,58,Guangzhou,Electronics,32.82
1260,2026-04-14,18,Hangzhou,Electronics,74.76
1261,2026-02-21,112,Shenzhen,Books,34.22
1262,2026-02-27,29,Shanghai,Books,28.85
1263,2026-03-10,100,Guangzhou,Books,141.43
1264,2026-01-27,49,Nanjing,Sports,63.84
1265,2026-02-23,92,Hangzhou,Clothing,39.64
1266,2026-01-18,36,Beijing,Books,63.56
1267,2026-01-05,61,Beijing,Food,41.37
1268,2026-02-20,76,Nanjing,Books,13.7
1269,2026-03-05,89,Hangzhou,Sports,40.47
1270,2026-02-19,8,Wuhan,Clothing,82.24
1271,2026-04-09,15,Shenzhen,Books,33.74
1272,2026-01-16,84,Nanjing,Clothing,30.2
1273,2026-04-09,86,Shenzhen,Books,48.11
1274,2026-01-17,27,Guangzhou,Sports,168.31
1275,2026-01-01,3,Wuhan,Electronics,89.12
1276,2026-01-02,97,Shanghai,Sports,126.12
1277,2026-01-03,98,Shenzhen,Books,12.45
1278,2026-04-18,89,Nanjing,Books,53.69
1279,2026-01-13,5,Chengdu,Books,53.89
1280,2026-04-30,105,Wuhan,Food,91.3
1281,2026-04-05,2,Shenzhen,Food,34.23
1282,2026-04-23,117,Guangzhou,Books,67.49
1283,2026-01-21,102,Nanjing,Sports,39.75
1284,2026-04-08,1,Shenzhen,Electronics,145.64
1285,2026-01-29,82,Wuhan,Food,36.08
1286,2026-01-18,111,Nanjing,Electronics,45.23
1287,2026-03-10,101,Shanghai,Clothing,50.88
1288,2026-04-28,90,Guangzhou,Food,54.97
1289,2026-01-07,21,Wuhan,Books,32.99
1290,2026-04-08,7,Chengdu,Books,114.35
1291,2026-04-29,94,Nanjing,Clothing,68.17
1292,2026-03-19,34,Nanjing,Electronics,64.83
1293,2026-02-06,17,Nanjing,Books,27.85
1294,2026-02-13,87,Wuhan,Electronics,43.08
1295,2026-02-27,31,Shenzhen,Food,13.93
1296,2026-02-28,65,Guangzhou,Sports,81.0
1297,2026-01-09,26,Nanjing,Clothing,59.92
1298,2026-01-27,22,Wuhan,Books,34.32
1299,2026-03-11,105,Beijing,Clothing,73.51
1300,2026-04-26,12,Shenzhen,Electronics,99999.0
1301,2026-01-29,27,Beijing,Books,60.75
1302,2026-02-24,40,Wuhan,Sports,42.84
1303,2026-04-16,114,Guangzhou,Sports,21.65
1304,2026-03-13,3,Hangzhou,Food,68.01
1305,2026-02-22,28,Guangzhou,Books,34.14
1306,2026-02-19,38,Nanjing,Clothing,23.68
1307,2026-04-09,28,Hangzhou,Food,70.56
1308,2026-01-12,49,Hangzhou,Electronics,121.45
1309,2026-03-16,118,Beijing,Food,15.71
1310,2026-01-28,40,Shanghai,Electronics,22.28
1311,2026-04-12,86,Guangzhou,Sports,37.15
1312,2026-03-11,80,Chengdu,Clothing,41.87
1313,2026-04-12,25,Nanjing,Books,57.46
1314,2026-04-13,76,Chengdu,Books,21.38
1315,2026-01-07,94,Guangzhou,Books,80.75
1316,2026-04-25,53,Wuhan,Food,66.31
1317,2026-02-03,5,Wuhan,Clothing,93.43
1318,2026-04-16,65,Shanghai,Clothing,37.74
1319,2026-01-01,44,Shanghai,Sports,109.52
1320,2026-01-05,21,Shanghai,Electronics,146.99
1321,2026-03-18,63,Hangzhou,Food,36.76
1322,2026-02-22,81,Guangzhou,Sports,37.4
1323,2026-04-18,72,Beijing,Electronics,49.03
1324,2026-01-27,55,Nanjing,Sports,71.31
1325,2026-02-15,104,Chengdu,Clothing,41.37
1326,2026-03-13,14,Shenzhen,Clothing,48.68
1327,2026-04-28,46,Shanghai,Sports,158.04
1328,2026-02-15,22,Wuhan,Food,63.72
1329,2026-04-15,110,Shenzhen,Books,13.14
1330,2026-04-13,40,Shanghai,Food,21.26
1331,2026-04-17,8,Guangzhou,Sports,22.39
1332,2026-03-21,103,Wuhan,Books,62.35
1333,2026-04-27,74,Chengdu,Sports,89.87
1334,2026-02-04,110,Shenzhen,Clothing,137.13
1335,2026-01-22,76,Wuhan,Clothing,50.93
1336,2026-04-12,14,Shenzhen,Sports,65.56
1337,2026-04-15,60,Beijing,Sports,29.89
1338,2026-01-02,32,Guangzhou,Clothing,49.28
1339,2026-01-17,111,Shenzhen,Clothing,52.18
1340,2026-03-16,89,Shanghai,Food,107.78
1341,2026-01-15,91,Shanghai,Clothing,19.33
1342,2026-03-05,84,Shenzhen,Electronics,43.75
1343,2026-04-16,60,Shanghai,Sports,129.17
1344,2026-03-16,39,Chengdu,Food,110.71
1345,2026-04-19,18,Beijing,Sports,73.79
1346,2026-01-22,44,Guangzhou,Electronics,28.04
1347,2026-04-22,46,Beijing,Food,226.59
1348,2026-01-29,56,Shanghai,Electronics,48.38
1349,2026-01-23,31,Wuhan,Clothing,105.62
1350,2026-01-23,18,Shenzhen,Books,102.41
1351,2026-01-09,31,Hangzhou,Electronics,58.32
1352,2026-02-16,112,Guangzhou,Sports,11.78
1353,2026-03-12,13,Beijing,Clothing,50.84
1354,2026-04-14,73,Beijing,Food,33.76
1355,2026-01-18,111,Nanjing,Food,51.92
1356,2026-03-07,55,Nanjing,Books,48.74
1357,2026-03-02,26,Shenzhen,Books,28.13
1358,2026-02-27,20,Beijing,Clothing,171.92
1359,2026-04-18,31,Guangzhou,Electronics,57.08
1360,2026-01-21,16,Shenzhen,Sports,61.34
1361,2026-01-07,80,Hangzhou,Sports,72.78
1362,2026-01-14,21,Nanjing,Books,37.63
1363,2026-04-16,102,Shenzhen,Clothing,103.62
1364,2026-01-03,77,Nanjing,,58.28
1365,2026-01-21,106,Shenzhen,Books,127.65
1366,2026-03-09,104,Guangzhou,Electronics,35.25
1367,2026-04-19,78,Guangzhou,Electronics,36.23
1368,2026-02-24,67,Chengdu,Electronics,89.71
1369,2026-03-20,32,Guangzhou,Electronics,55.49
1370,2026-01-07,46,Wuhan,Books,31.32
1371,2026-01-07,38,Chengdu,Electronics,52.01
1372,2026-03-05,112,Shanghai,Sports,27.07
1373,2026-04-03,36,Shenzhen,Books,68.45
1374,2026-03-02,51,Beijing,Electronics,37.53
1375,2026-04-16,18,Guangzhou,Electronics,169.96
1376,2026-04-17,40,Shanghai,Food,159.38
1377,2026-02-24,54,Guangzhou,Clothing,52.17
1378,2026-01-16,104,Beijing,Food,9.25
1379,2026-03-21,57,Nanjing,Food,141.16
1380,2026-02-05,20,Beijing,Sports,54.15
1381,2026-03-12,101,Chengdu,Electronics,161.05
1382,2026-01-25,82,Guangzhou,Electronics,39.96
1383,2026-01-27,95,Beijing,Food,29.62
1384,2026-01-18,53,Guangzhou,Food,22.23
1385,2026-04-07,79,Shenzhen,Electronics,61.11
1386,2026-01-20,3,Shanghai,Food,95.67
1387,2026-01-15,78,Nanjing,Clothing,29.97
1388,2026-04-21,100,Guangzhou,Clothing,80.18
1389,2026-03-02,21,Guangzhou,Clothing,93.02
1390,2026-03-26,37,Shanghai,Electronics,32.28
1391,2026-01-11,64,Wuhan,Books,269.29
1392,2026-02-19,70,Shanghai,Sports,27.58
1393,2026-03-16,31,Beijing,Electronics,76.31
1394,2026-01-19,52,Shanghai,Food,19.74
1395,2026-01-16,56,Hangzhou,Food,142.03
1396,2026-03-13,60,Shenzhen,Books,136.39
1397,2026-04-18,89,Guangzhou,Sports,59.97
1398,2026-01-28,110,Nanjing,Sports,36.01
1399,2026-04-21,23,Shenzhen,Books,121.25
1400,2026-01-03,119,Wuhan,Sports,93.13
1401,2026-03-16,116,Beijing,Sports,53.47
1402,2026-03-10,29,Guangzhou,Sports,24.95
1403,2026-03-16,78,Chengdu,Food,21.8
1404,2026-02-02,8,Nanjing,,74.01
1405,2026-02-19,61,Wuhan,Sports,63.54
1406,2026-04-26,21,Guangzhou,Books,51.49
1407,2026-01-12,118,Hangzhou,Clothing,27.1
1408,2026-04-21,12,Wuhan,Sports,39.67
1409,2026-02-20,105,Nanjing,Sports,49.84
1410,2026-04-06,113,Guangzhou,Food,108.93
1411,2026-04-22,117,Hangzhou,Books,28.89
1412,2026-02-28,89,Wuhan,Sports,90.21
1413,2026-02-16,42,Nanjing,Clothing,97.19
1414,2026-02-12,71,Shanghai,Electronics,17.64
1415,2026-04-10,86,Beijing,Electronics,104.46
1416,2026-03-11,58,Hangzhou,Clothing,104.21
1417,2026-03-25,40,Shenzhen,Electronics,43.52
1418,2026-01-05,11,Guangzhou,Clothing,40.08
1419,2026-01-10,94,Nanjing,Electronics,122.66
1420,2026-01-08,106,Hangzhou,Clothing,57.39
1421,2026-01-24,65,Guangzhou,Books,103.58
1422,2026-03-22,107,Shenzhen,Books,60.35
1423,2026-01-20,96,Shanghai,Electronics,82.56
1424,2026-01-07,93,Shenzhen,Clothing,28.84
1425,2026-02-18,36,Beijing,Electronics,16.98
1426,2026-04-07,94,Chengdu,Clothing,105.17
1427,2026-03-30,52,Beijing,Sports,47.71
1428,2026-03-25,63,Wuhan,Books,44.44
1429,2026-03-31,12,Chengdu,Books,57.0
1430,2026-03-29,8,Beijing,Books,99.12
1431,2026-04-22,22,Beijing,Electronics,67.31
1432,2026-01-25,30,Shenzhen,Electronics,90.99
1433,2026-02-16,29,Chengdu,Books,33.65
1434,2026-04-12,116,Wuhan,Electronics,66.02
1435,2026-02-01,42,Hangzhou,Sports,26.07
1436,2026-01-13,24,Shanghai,Books,176.14
1437,2026-03-17,65,Chengdu,Sports,26.46
1438,2026-03-24,86,Chengdu,,275.49
1439,2026-02-02,55,Beijing,Books,83.03
1440,2026-03-18,61,Beijing,Books,30.42
1441,2026-01-17,69,Beijing,Electronics,81.9
1442,2026-02-12,65,Shenzhen,,79.54
1443,2026-04-12,74,Nanjing,Electronics,20.34
1444,2026-04-29,20,Wuhan,Clothing,41.33
1445,2026-04-02,114,Nanjing,Sports,53.13
1446,2026-02-05,54,Beijing,Sports,15.7
1447,2026-03-31,56,Beijing,Food,134.07
1448,2026-03-19,80,Guangzhou,Sports,23.55
1449,2026-04-29,58,Hangzhou,Sports,30.03
1450,2026-01-04,98,Beijing,Clothing,137.04
1451,2026-02-26,106,Wuhan,Sports,87.72
1452,2026-02-01,100,Beijing,Electronics,49.79
1453,2026-03-20,8,Shanghai,Clothing,21.07
1454,2026-04-16,57,Hangzhou,Books,52.82
1455,2026-04-28,21,Hangzhou,Clothing,22.83
1456,2026-04-22,113,Shenzhen,Electronics,39.53
1457,2026-02-23,107,Guangzhou,Electronics,133.45
1458,2026-02-05,17,Guangzhou,Sports,70.96
1459,2026-02-21,78,Wuhan,Electronics,54.5
1460,2026-03-08,11,Chengdu,Food,8.8
1461,2026-02-03,102,Guangzhou,Food,40.0
1462,2026-01-03,36,Hangzhou,Sports,88.4
1463,2026-02-12,55,Shanghai,Books,135.03
1464,2026-04-27,36,Nanjing,Sports,182.19
1465,2026-02-14,98,Hangzhou,Books,37.63
1466,2026-03-09,78,Beijing,Food,17.99
1467,2026-04-29,99,Beijing,Sports,9.25
1468,2026-01-05,112,Guangzhou,Electronics,56.59
1469,2026-02-21,10,Beijing,Books,308.14
1470,2026-01-07,112,Hangzhou,Clothing,43.83
1471,2026-04-07,14,Nanjing,Food,41.91
1472,2026-01-15,14,Wuhan,Food,87.31
1473,2026-01-08,77,Shenzhen,Clothing,108.01
1474,2026-02-23,65,Shanghai,Electronics,55.82
1475,2026-01-31,25,Chengdu,Electronics,32.57
1476,2026-01-07,20,Guangzhou,Electronics,32.97
1477,2026-03-14,42,Hangzhou,Food,39.61
1478,2026-04-01,3,Beijing,Food,135.29
1479,2026-04-30,62,Guangzhou,Sports,49.85
1480,2026-03-05,62,Hangzhou,Books,77.21
1481,2026-04-02,118,Chengdu,Electronics,23.95
1482,2026-03-05,44,Hangzhou,Sports,29.17
1483,2026-02-15,119,Nanjing,Sports,51.63
1484,2026-04-05,64,Wuhan,Electronics,14.59
1485,2026-03-19,87,Nanjing,Books,54.35
1486,2026-01-27,56,Shenzhen,Books,67.67
1487,2026-02-14,119,Nanjing,Electronics,38.92
1488,2026-02-16,57,Shenzhen,Food,85.36
1489,2026-01-20,105,Shanghai,Electronics,41.36
1490,2026-03-30,5,Guangzhou,,29.68
1491,2026-03-24,79,Chengdu,Food,91.25
1492,2026-01-26,20,Nanjing,Clothing,38.57
1493,2026-02-22,99,Shanghai,Sports,16.54
1494,2026-02-10,21,Hangzhou,Food,28.81
1495,2026-01-07,49,Nanjing,Electronics,33.58
1496,2026-04-11,37,Guangzhou,Food,116.25
1497,2026-03-21,44,Shenzhen,Electronics,92.77
1498,2026-03-23,15,Guangzhou,Electronics,24.32
1499,2026-04-07,73,Shanghai,Clothing,25.12
1500,2026-01-21,13,Hangzhou,Food,55.4
